{
  "version": 0.1,
  "sightings": [
    {
      "id": 1,
      "species": "Bald Eagle",
      "scientificName": "Haliaeetus leucocephalus",
      "location": "Algonquin Park, Ontario",
      "date": "2026-01-15",
      "time": "09:30",
      "observer": "Sarah Chen",
      "count": 2,
      "notes": "Two adults spotted near the lake",
      "habitat": "wetland",
      "verified": true
    },
    {
      "id": 2,
      "species": "Moose",
      "scientificName": "Alces alces",
      "location": "Jasper National Park, Alberta",
      "date": "2026-01-12",
      "time": "06:15",
      "observer": "Michael Park",
      "count": 1,
      "notes": "Large bull moose crossing the road",
      "habitat": "forest",
      "verified": true
    },
    {
      "id": 3,
      "species": "Red Fox",
      "scientificName": "Vulpes vulpes",
      "location": "Toronto, Ontario",
      "date": "2026-01-18",
      "time": "22:45",
      "observer": "Emma Wilson",
      "count": 1,
      "notes": "Fox in urban park area",
      "habitat": "urban",
      "verified": false
    },
    {
      "id": 4,
      "species": "Great Blue Heron",
      "scientificName": "Ardea herodias",
      "location": "Vancouver Island, BC",
      "date": "2026-01-10",
      "time": "14:20",
      "observer": "James Rodriguez",
      "count": 3,
      "notes": "Three herons fishing in shallow water",
      "habitat": "wetland",
      "verified": true
    },
    {
      "id": 5,
      "species": "Black Bear",
      "scientificName": "Ursus americanus",
      "location": "Banff National Park, Alberta",
      "date": "2026-01-14",
      "time": "16:00",
      "observer": "Lisa Thompson",
      "count": 1,
      "notes": "Bear foraging near trail, kept safe distance",
      "habitat": "forest",
      "verified": true
    },
    {
      "id": 6,
      "species": "Snowy Owl",
      "scientificName": "Bubo scandiacus",
      "location": "Churchill, Manitoba",
      "date": "2026-01-08",
      "time": "11:30",
      "observer": "David Kumar",
      "count": 1,
      "notes": "Perched on fence post",
      "habitat": "tundra",
      "verified": true
    },
    {
      "id": 7,
      "species": "Beaver",
      "scientificName": "Castor canadensis",
      "location": "Gatineau Park, Quebec",
      "date": "2026-01-16",
      "time": "18:45",
      "observer": "Sophie Martin",
      "count": 2,
      "notes": "Two beavers working on a dam",
      "habitat": "wetland",
      "verified": true
    },
    {
      "id": 8,
      "species": "Caribou",
      "scientificName": "Rangifer tarandus",
      "location": "Gros Morne, Newfoundland",
      "date": "2026-01-05",
      "time": "07:00",
      "observer": "Robert Chang",
      "count": 12,
      "notes": "Small herd grazing on hillside",
      "habitat": "tundra",
      "verified": true
    },
    {
      "id": 9,
      "species": "Peregrine Falcon",
      "scientificName": "Falco peregrinus",
      "location": "Montreal, Quebec",
      "date": "2026-01-19",
      "time": "13:15",
      "observer": "Anna Kowalski",
      "count": 1,
      "notes": "Falcon on downtown building ledge",
      "habitat": "urban",
      "verified": false
    },
    {
      "id": 10,
      "species": "Gray Wolf",
      "scientificName": "Canis lupus",
      "location": "Yukon Territory",
      "date": "2026-01-11",
      "time": "05:30",
      "observer": "Mark Stevens",
      "count": 5,
      "notes": "Pack spotted at distance",
      "habitat": "forest",
      "verified": true
    }
  ]
}
